t,g,z_hat,Ω,E,v_1,L_tilde,entry_residual,λ_ii,S,z_bar,c,π_min,log_M,U,π_rat,L_tilde_a,L_tilde_x,L_tilde_E,w,r
-20.0,0.006957088129667934,1.9806967954735208,0.9633490175041199,0.02,4.950471407210233,0.2319424283503491,-5.782041512247815e-13,0.8960256258137844,0.10002889657202586,1.3439474944545302,1.0322290490153792,0.18600449464971056,-0.13914176259335867,16.5258643514572,1.8110075391436142,0.09636273923468235,0.020792800283980797,0.11478688883168592,0.9203233827273339,0.04845708812966793
-15.0,0.006957088129667934,1.9806967954735208,0.9633490175041199,0.02,4.950471407210233,0.2319424283503491,-5.782041512247815e-13,0.8960256258137844,0.10002889657202586,1.3439474944545302,1.0322290490153792,0.18600449464971056,-0.10435632194501901,16.5258643514572,1.8110075391436142,0.09636273923468235,0.020792800283980797,0.11478688883168592,0.9203233827273339,0.04845708812966793
-10.0,0.006957088129667934,1.9806967954735208,0.9633490175041199,0.02,4.950471407210233,0.2319424283503491,-5.782041512247815e-13,0.8960256258137844,0.10002889657202586,1.3439474944545302,1.0322290490153792,0.18600449464971056,-0.06957088129667933,16.5258643514572,1.8110075391436142,0.09636273923468235,0.020792800283980797,0.11478688883168592,0.9203233827273339,0.04845708812966793
-5.0,0.006957088129667934,1.9806967954735208,0.9633490175041199,0.02,4.950471407210233,0.2319424283503491,-5.782041512247815e-13,0.8960256258137844,0.10002889657202586,1.3439474944545302,1.0322290490153792,0.18600449464971056,-0.03478544064833967,16.5258643514572,1.8110075391436142,0.09636273923468235,0.020792800283980797,0.11478688883168592,0.9203233827273339,0.04845708812966793
-1.0,0.006957088129667934,1.9806967954735208,0.9633490175041199,0.02,4.950471407210233,0.2319424283503491,-5.782041512247815e-13,0.8960256258137844,0.10002889657202586,1.3439474944545302,1.0322290490153792,0.18600449464971056,-0.006957088129667934,16.5258643514572,1.8110075391436142,0.09636273923468235,0.020792800283980797,0.11478688883168592,0.9203233827273339,0.04845708812966793
0.0,0.00788950302948247,1.8670371833530088,0.9633490175041199,0.015864076866264256,4.950471407214765,0.21984868983059797,0.0,0.8624335269344253,0.10469264941791823,1.3677945679197796,1.0670867242052071,0.1818501681250326,0.0,20.111088910346652,2.209357808533027,0.1008555609566548,0.0279437274906834,0.09104940138325977,0.936653648165712,0.04750518776013012
0.25,0.007895820214797199,1.866869311341414,0.9628757800416513,0.015910902378721017,4.950471407214765,0.22005229526852138,0.0,0.8624033411733851,0.10472424671542543,1.3675072753796949,1.0665841606359912,0.1818856951743758,0.0019731656055494247,20.20301217497383,2.2094701422912943,0.10083644074538961,0.027942564702069378,0.09127328982106242,0.936456912769862,0.04752236828669313
0.5,0.007902127810100773,1.866701739446515,0.9624048318427806,0.015957452660321156,4.950471407214765,0.22025447838053508,0.0,0.862373201117963,0.10475579604561484,1.3672213555655015,1.0660847290646938,0.1819211692361955,0.003947909308569744,20.29505385427317,2.20958231344003,0.10081748427783657,0.027941440337244928,0.09149555376545361,0.936261117404587,0.04753952586351794
0.75,0.007908425894985116,1.866534465502799,0.9619361688251908,0.01600372758452754,4.950471407214765,0.22045524263727384,0.0,0.8623431064203085,0.10478729780658937,1.3669368072702128,1.0655884217536375,0.1819565898257886,0.005924228716393498,20.387213478862744,2.2096943240223257,0.10079869179361489,0.027940354520266598,0.09171619632339234,0.936066261243353,0.04755664904851036
1.0,0.00791471455678851,1.8663674866713091,0.9614697790088094,0.01604972721413071,4.950471407214765,0.22065459084120992,0.0,0.8623130566108819,0.10481875243519756,1.366653624200959,1.0650952279312398,0.18199195808443666,0.007902121471910169,20.479490623621203,2.2098061752339375,0.10078006273984849,0.027939307195797507,0.09193522090556393,0.9358723399768585,0.04757374803122541
1.25,0.007920993758342152,1.8662008039405549,0.9610056570466219,0.016095451542065323,4.950471407214765,0.22085252599423116,0.0,0.8622830519086137,0.1048501597455286,1.3663718038906918,1.0646051395541383,0.18202727400080418,0.009881585207000788,20.57188465993157,2.209917866008487,0.10076159665769498,0.027938298214019365,0.09215263112251683,0.9356793519156904,0.04759081939856223
1.5,0.007927263640571591,1.866034413427297,0.9605437961918092,0.016140900493738366,4.950471407214765,0.22104905158063315,0.0,0.8622530916552517,0.1048815204424638,1.3660913435878022,1.0641181477152057,0.18206253753256987,0.011862617573818603,20.664395431766238,2.2100293994780977,0.10074329379617301,0.027937327748789008,0.09236843003567112,0.9354872951755714,0.04760785875659281
1.75,0.007933524275006406,1.8658683127845181,0.960084185280814,0.016186074099202096,4.950471407214765,0.22124417018520143,0.0,0.862223175468457,0.10491283488377984,1.3658122374380224,1.0636342423372538,0.18209774974574075,0.013845216257927378,20.7570222710656,2.2101407764910084,0.10072515360489433,0.02793639572997838,0.0925826208503287,0.9352961657475504,0.04762487665359032
2.0,0.007939775627027407,1.8657025029000514,0.9596268208395563,0.01623097231588764,4.950471407214765,0.2214378849622613,0.0,0.8621933035482444,0.10494410289631848,1.3655344841868353,1.0631534161654699,0.18213291024135375,0.01582937893737857,20.849765399751497,2.2102519964115483,0.10070717582825336,0.02793550206836656,0.09279520706564139,0.9351059627725452,0.047641861720715696
2.25,0.007946017843149614,1.8655369796702315,0.9591716921200192,0.016275595155603343,4.950471407214765,0.22163019891253538,0.0,0.8621634751951316,0.10497532521291854,1.365258078463175,1.0626756589664357,0.18216801984845565,0.017815103309337662,20.94262281589689,2.2103630618047543,0.10068936031532438,0.027934646836409727,0.09300619176080123,0.9349166825724973,0.047658820198649414
2.5,0.007952250965929511,1.8653717416098776,0.958718792031868,0.016319942603948152,4.950471407214765,0.22182111500117768,0.0,0.8621336901808457,0.10500650204643903,1.3649830169375814,1.0622009621628157,0.18220307881307848,0.0198023871020306,21.035595299798896,2.210473973506625,0.10067170679745391,0.027933830016392023,0.09321557818733173,0.9347283228674218,0.04767575578808961
2.75,0.007958474984494037,1.8652067890494182,0.9582681156963805,0.016364014624165396,4.950471407214765,0.2220106361543557,0.0,0.862103948604183,0.10503763334249507,1.3647092974828652,1.0617293181829304,0.18223808704138675,0.02179122803333343,21.128682408309402,2.2105847310958,0.10065421498032005,0.027933051518594796,0.09342336965544085,0.9345408822006381,0.047692656909543676
3.0,0.0079646900775137,1.8650421168367164,0.9578196512069,0.016407811241975018,4.950471407214765,0.22219876531501584,0.0,0.8620742495750299,0.10506871999476083,1.3644369140765826,1.0612607164185357,0.18227304556535429,0.023781623851692607,21.221883377943076,2.2106953378674916,0.10063688473813727,0.0279323114586638,0.09362956911821474,0.9343543564480302,0.04770953675724565
3.25,0.007970896211044484,1.8648777257919285,0.9573733945170166,0.0164513324162515,4.950471407214765,0.22238550536628393,0.0,0.8620445932797774,0.10509976183345511,1.3641658650547208,1.0607951497510928,0.18230795416659645,0.025773572322160022,21.315197818070885,2.2108057930935594,0.10061971574942491,0.027931609733506047,0.09383417988335298,0.9341687444700965,0.04772638839666724
3.5,0.007977093491816625,1.8647136128553086,0.9569293372377526,0.016494578117239544,4.950471407214765,0.22257085918342634,0.0,0.8620149792047105,0.10513075939242121,1.363896146407428,1.0603326092645624,0.18234281330897917,0.027767071220020367,21.408625511826642,2.2109160987780627,0.10060270790869127,0.027930946403609908,0.09403720487112517,0.9339840435209258,0.04774320996143822
3.75,0.007983281953680326,1.8645497769115007,0.9564874699830027,0.01653754842153113,4.950471407214765,0.22275482948806308,0.0,0.8619854071864812,0.10516171284097105,1.3636277532052834,1.05987308555485,0.18237762375974012,0.029762118328810615,21.50216570529448,2.2110262549920887,0.10058586065433944,0.027930321354164317,0.0942386474795593,0.9338002502248947,0.04776001061443333
4.0,0.007989461674187369,1.8643862158352085,0.9560477892002501,0.016580243204754885,4.950471407214765,0.2229374194674883,0.0,0.8619558768791159,0.10519262256700318,1.3633606844704487,1.0594165716711783,0.1824123850287887,0.031758711476523184,21.59581749750653,2.211136263779814,0.10056917424535973,0.027929734715869348,0.09443851050625923,0.9336173639123876,0.047776778551818756
4.25,0.007995632759180053,1.8642229264461938,0.9556102832809593,0.016622662526828355,4.950471407214765,0.22311863166571458,0.0,0.8619263877456455,0.1052234890999196,1.3630949340681413,1.0589630575483902,0.18244709827530348,0.033756848460519524,21.68958201016072,2.2112461266469072,0.1005526482265851,0.02792918646276407,0.09463679697636541,0.93343538038236,0.04779352370666602
4.5,0.008001795173328054,1.8640599096447334,0.9551749468970201,0.016664806388990597,4.950471407214765,0.22329846874340376,0.0,0.8618969399856563,0.10525431226300505,1.3628304994399585,1.0585125357582077,0.18248176359190987,0.03575652711226193,21.783457046133538,2.211355842530364,0.10053628212649822,0.027928676446074975,0.09483351017083057,0.93325429788284,0.047810243498514884
4.75,0.008007949054250259,1.8638971616282467,0.9547417740250765,0.01670667471908449,4.950471407214765,0.22347693393129406,0.0,0.8618675329489907,0.10528509274460174,1.3625673781816539,1.058064998230816,0.18251638089193745,0.037757745333338165,21.877443433994642,2.2114654145690644,0.10052007622537577,0.0279282048487374,0.09502865285718087,0.933074114767421,0.04782693250047028
5.0,0.008014094493280704,1.8637346796569079,0.9543107535159454,0.016748267549699148,4.950471407214765,0.22365402952434282,0.0,0.8618381661768236,0.10531583100154422,1.3623055643733046,1.0576204354577812,0.18255095133149982,0.039760500944476355,21.971539902097742,2.2115748439006295,0.10050403004024162,0.027927771623677,0.0952222278604242,0.9328948269821921,0.047843601773380484
5.25,0.008020231460879717,1.863572464457871,0.9538818821615754,0.016789584838755662,4.950471407214765,0.22382975838403918,0.0,0.8618088398366304,0.10534652688608098,1.3620450568470577,1.057178840864806,0.18258547455069332,0.041764791860684235,22.06574575601922,2.2116841300129515,0.10048814334527993,0.027927376695814594,0.09541423834294464,0.9327164337274177,0.04786024055657869
5.5,0.008026360100115216,1.8634105120388542,0.9534551498832363,0.01683062659858107,4.950471407214765,0.2240041232187796,0.0,0.8617795532424338,0.1053771811138091,1.3617858505328717,1.0567402050725156,0.18261995136136666,0.0437706159638314,22.160062164616,2.211793275427858,0.10047241601313979,0.027927020142307774,0.09560468706333203,0.9325389315311785,0.04787685379152182
5.75,0.008032480474414707,1.8632488204668787,0.9530305494560347,0.016871392817356716,4.950471407214765,0.22417712670252105,0.0,0.8617503060799938,0.10540779400198029,1.3615279419560498,1.0563045200031458,0.1826543821191619,0.04577797124274411,22.2544866987866,2.2119022812987272,0.10045684783465579,0.02792670196901708,0.09579357689884817,0.9323623180140325,0.047893446470911
6.0,0.008038592568446459,1.8630873901316174,0.9526080766167258,0.016911883456009493,4.950471407214765,0.22434877147231974,0.0,0.8617210984549543,0.10543836547390831,1.3612713292758045,1.055871778912286,0.18268876671198475,0.04778685556376877,22.349020616961056,2.2120111471908723,0.10044143853571118,0.027926422094049073,0.09598091084255946,0.9321865919154249,0.04791000625372394
6.25,0.008044696573400963,1.8629262156542474,0.9521877196430583,0.016952098542353716,4.950471407214765,0.22451906017605222,0.0,0.8616919294288868,0.10546889648588974,1.3610160064962586,1.0554419718331547,0.1827231062363524,0.0497972668610277,22.4436622323823,2.212119876579543,0.1004261880381691,0.027926180648926942,0.09616669148895618,0.9320117491294316,0.0479265462680273
6.5,0.008050792466510637,1.8627652975438644,0.951769474575622,0.01699203803476784,4.950471407214765,0.22468799540387183,0.0,0.8616627991283033,0.1054993869240457,1.3607619719440691,1.0550150922461365,0.18275740054223336,0.05180920311172021,22.538411280511443,2.2122284689646703,0.10041109606074922,0.027925977550853926,0.09635092179226869,0.9318377885101624,0.047943060697536385
6.75,0.008056880348931008,1.8626046329430834,0.9513533338096615,0.01703170189833796,4.950471407214765,0.22485557973920034,0.0,0.8616337070701156,0.10552983729433592,1.3605092219829868,1.054591132133474,0.18279165005332515,0.05382266236978298,22.6332678037768,2.212336926245249,0.10039616252635762,0.027925812862160504,0.0965336043506822,0.9316647075675457,0.04795954616887933
7.0,0.008062960274285835,1.8624442202392657,0.9509392878183006,0.017071090212278574,4.950471407214765,0.22502181560747297,0.0,0.8616046529961338,0.10556024786497568,1.3602577515387195,1.054170082593338,0.18282585565055248,0.055837642665882176,22.72823094053215,2.212445248847993,0.10038138692664327,0.027925686494950797,0.09671474218587894,0.9314925028267512,0.04797601282287048
7.25,0.008069032316896207,1.8622840573713608,0.9505273334466048,0.017110202851678254,4.950471407214765,0.22518670588671394,0.0,0.8615756365665772,0.10559061900770425,1.3600075597826198,1.0537519374141435,0.18286001686859205,0.05785414191326537,22.82330034222265,2.2125534387712698,0.1003667695223695,0.02792559858161061,0.09689433778273382,0.9313211737203283,0.04799244886214234
7.5,0.008075096597088842,1.8621241408818592,0.9501174595920059,0.01714903986701493,4.950471407214765,0.22535025286204793,0.0,0.8615466571881449,0.10562095132437177,1.3597586408286948,1.053336687286594,0.18289413485864292,0.05987215814919686,22.918475618450067,2.2126614978012427,0.10035230995200302,0.027925549125462617,0.09707239378458228,0.931150716217601,0.04800886358920181
7.75,0.008081153086348785,1.8619644714389483,0.9497096608483601,0.017187601261221444,4.950471407214765,0.2255124588509865,0.0,0.8615177150147801,0.10565124467235215,1.3595109919904114,1.05292432535171,0.1829282098301215,0.06189168950693296,23.013756283451976,2.212769424992513,0.10033800774598667,0.027925537987253276,0.09724891311774657,0.9309811284788554,0.04802525531786403
8.0,0.008087201918020662,1.8618050453275081,0.9493039318011581,0.01722588695992279,4.950471407214765,0.22567332680245694,0.0,0.8614888094056754,0.10568149971860855,1.3592646111457578,1.0525148443436467,0.18296224167790312,0.06391273412049309,23.1091418546631,2.212877223462128,0.10032386320151808,0.02792556535593513,0.09742389824500376,0.9308124090509563,0.04804161792184672
8.25,0.008093243197958006,1.8616458594768932,0.948900261469458,0.01726389699278981,4.950471407214765,0.2258328587228406,0.0,0.861459939836183,0.10571171699259915,1.3590194924112529,1.0521082353799558,0.1829962316192765,0.06593528992721337,23.204631873622795,2.2129848946124158,0.10030987589466268,0.027925631208007274,0.09759735162017064,0.9306445539049477,0.04805796256792761
8.5,0.00809927690283766,1.8614869143704431,0.9484986467838467,0.01730163131427969,4.950471407214765,0.22599105716521165,0.0,0.8614311064258366,0.10574189637766622,1.358775634641606,1.051704492518618,0.18303017935688334,0.0679593550614023,23.300225820756648,2.2130924381079957,0.10029604562257415,0.02792573548564764,0.09776927605698987,0.930477562256545,0.04807427933218927
8.75,0.008105303169000093,1.8613282061285588,0.9480990783459173,0.017339089931935406,4.950471407214765,0.22614792453391033,0.0,0.8614023085024622,0.10577203855575747,1.3585330330863,1.051303607243075,0.1830640856829571,0.06998492772039165,23.395923357556814,2.2131998564282704,0.10028237226948249,0.027925878271754034,0.0979396739926738,0.9303114308526356,0.04809057176635787
9.0,0.008111322075820724,1.8611697323405845,0.9477015487593499,0.01737627283529124,4.950471407214765,0.22630346319759823,0.0,0.8613735456597693,0.1058021439238929,1.3582916841127,1.0509055719654978,0.183097951071377,0.07201200594881253,23.491723954336408,2.2133071510661635,0.10026885565873293,0.027926059597507595,0.0981085479413577,0.9301461572056235,0.0481068460105706
9.25,0.008117333599456402,1.8610114933542672,0.947306054247678,0.01741317998292022,4.950471407214765,0.22645767549047788,0.0,0.8613448179918255,0.10583221236281383,1.358051586105204,1.050510380719663,0.18313177541338366,0.07404058808763371,23.587627097087484,2.2134143216426594,0.1002554955057195,0.027926279393360058,0.0982759005913983,0.9299817402091586,0.04812308942305425
9.5,0.008123337932209342,1.8608534838913693,0.946912583462863,0.017449811402806145,4.950471407214765,0.22661056374834818,0.0,0.8613161245709614,0.10586224483437749,1.3578127331860983,1.050118024254111,0.18316555984818414,0.0760706722134931,23.683631698181827,2.213521371551205,0.10024229174729851,0.02792653778847078,0.09844173421257887,0.9298181758382343,0.04813931458901759
9.75,0.008129335015634577,1.8606957034517388,0.9465211324097969,0.01748616708937679,4.950471407214765,0.226762130299557,0.0,0.8612874653364904,0.10589224104625383,1.3575751236918745,1.0497284966018203,0.18319930428233863,0.0781022563393701,23.779739383748037,2.2136283011375655,0.10022924390851135,0.027926834769732706,0.09860605162131292,0.9296554629536949,0.04815551639255719
10.0,0.008135324942739231,1.8605381507488674,0.9461316942034987,0.017522247015272614,4.950471407214765,0.22691237740825201,0.0,0.8612588400847144,0.10592220146364589,1.3573387541483086,1.049341790496161,0.18323300916795207,0.0801353393170556,23.875947522349293,2.2137351109496826,0.1002163519245636,0.0279271702974945,0.09876885518619392,0.9294935991764225,0.04817321599791477
10.5,0.008147239234642537,1.8602249220838463,0.9453588246386831,0.017593861306720606,4.950471407214765,0.22721020826980873,0.0,0.8612019086367908,0.10598179436888784,1.3568695601899938,1.0485749448242616,0.18330004429274063,0.084205981864012,24.068665982209883,2.2139475612354644,0.10019082455767042,0.027927866697010282,0.099091517015128,0.9291722992948027,0.04820539475954105
11.0,0.008159125712082172,1.8599125886130035,0.9445939194178441,0.017664375958256113,4.950471407214765,0.22750280408006976,0.0,0.8611451108345334,0.10604124815174543,1.3564052811905278,1.0478192762506673,0.18336692349883013,0.08828257153042594,24.261784555565196,2.214159540790333,0.10016591821161742,0.02792871665327173,0.09940816921518059,0.9288543651336238,0.048237484582495924
11.5,0.008170987531027215,1.8596011341540917,0.9438369260387384,0.017733788643215044,4.950471407214765,0.2277901825337025,0.0,0.8610884439659066,0.10610057859774472,1.355945891555014,1.0470747294118734,0.18343364985843102,0.09236510308208659,24.45529944927778,2.214371059646709,0.10014164395462692,0.027929720351768317,0.09971881822730727,0.9285397791657267,0.04826948699693609
12.0,0.00818281850404806,1.8592905421792558,0.9430877897537414,0.01780210497121488,4.950471407214765,0.2280723608962475,0.0,0.8610319052495172,0.1061597547586004,1.3554913641309054,1.0463412485390948,0.18350022700346968,0.09645355677839734,24.649206773062396,2.2145821276814677,0.10011796847608768,0.02793087793177732,0.1000235144883825,0.9282285227972867,0.04830139532424779
12.5,0.008194619911606107,1.858980792650725,0.9423464549787116,0.017869324330512575,4.950471407214765,0.22834935633435255,0.0,0.8609754912580329,0.10621878303892422,1.3550416715558307,1.0456187780498316,0.1835666586522543,0.10054791686860164,24.843502985306916,2.21479275778237,0.10009489364888315,0.027932189765760337,0.10032227291970908,0.9279205772907934,0.04833321321099829
13.0,0.008206406346339686,1.858671866469348,0.9416128674034526,0.0179354348355349,4.950471407214765,0.2286211852765483,0.0,0.8609191987274141,0.10627773642817465,1.3545967870682885,1.0449072640369323,0.18363294852310605,0.10464817200614017,25.038184090239326,2.2150029620656557,0.1000724841392819,0.02793365618783061,0.10061504494943578,0.927615924320207,0.048364957780183924
13.5,0.00821816907073793,1.8583637473742414,0.9408869755529732,0.01800044411525344,4.950471407214765,0.22888786380069834,0.0,0.8608630249037984,0.10633657122306978,1.3541566852939848,1.04420665434561,0.18369910001024717,0.10875431955184996,25.233246357227355,2.2152127505056782,0.10005069488874745,0.02793527739744366,0.10090189151450721,0.9273145465094348,0.0483966189659077
14.0,0.008229890912727472,1.858056418146936,0.940168726236519,0.018064366963399824,4.950471407214765,0.22914940769489583,0.0,0.8608069668522861,0.10639520153233308,1.353721339735697,1.043516896551321,0.18376511690836958,0.11286633674398072,25.428685898730038,2.2154221335940893,0.10002944110233132,0.027937053609822408,0.10118291298274208,0.9270164257134127,0.04842817957447191
14.5,0.008241594380752039,1.8577498581142697,0.9394580658376412,0.01812718488444424,4.950471407214765,0.22940583262868866,0.0,0.8607510210007047,0.10645373993869835,1.3532907239572303,1.042837938639141,0.18383100302367425,0.11698420670158484,25.62449883555897,2.2156311248597436,0.10000882462399281,0.027938985282109266,0.1014580227225866,0.9267215438288677,0.04845966322326147
15.0,0.008253297664916623,1.8574440463720037,0.9387549404859055,0.018188882959028003,4.950471407214765,0.22965715354185065,0.0,0.860695183726798,0.10651227742543276,1.3528648112723916,1.0421697295886412,0.18389676241158162,0.12110793019498244,25.820681248845872,2.2158397378588592,0.09998892665553039,0.027941072876265287,0.10172715401005497,0.9264298825813304,0.048491091122759726
15.5,0.008264962650831518,1.8571389658443171,0.9380592991277075,0.01824949342999558,4.950471407214765,0.22990338476574584,0.0,0.8606394520999229,0.10657062335198189,1.3524435762471156,1.0415122203632137,0.1839623989045992,0.1252374984513641,26.017229465594887,2.2160479830501245,0.09996956424916303,0.027943316645111457,0.10199050387147138,0.9261414245537773,0.048522424851355064
16.0,0.008276596333696939,1.8568345981552845,0.9373710908872116,0.01830901072560004,4.950471407214765,0.23014454069823326,0.0,0.8605838229452555,0.10662881270693815,1.3520269936297913,1.0408653621692499,0.18402791626645668,0.12937288854882062,26.21413935498262,2.2162558721245276,0.09995076648711078,0.02794571693979204,0.10224805727133043,0.9258561524541281,0.04855367056187762
16.5,0.008288228005816084,1.8565309222504882,0.9366902629642155,0.01836741059867573,4.950471407214765,0.23038063532026037,0.0,0.8605282925911121,0.1066869920045437,1.3516150371387947,1.0402291061743418,0.1840933186661824,0.13351409282338011,26.411406769401815,2.216463418795202,0.09993266659559719,0.027948274251063637,0.10249969447359956,0.9255740482849587,0.04858485878798175
17.0,0.008299849904261592,1.856227916961581,0.9360167631077381,0.018424699871025654,4.950471407214765,0.2306116821370789,0.0,0.8604728573370681,0.10674512241618844,1.3512076807657158,1.0396034045877929,0.18415861030753589,0.13766111399057088,26.6090279895444,2.216670636889608,0.09991522396153996,0.027950989090114713,0.10274546908542423,0.9252950942359394,0.048615983161991574
17.5,0.0083114267975797,1.8559255631001823,0.9353505400269461,0.018480908383482566,4.950471407214765,0.23083769411983665,0.0,0.8604175138373041,0.10680302772118695,1.3508048987733368,1.0389882107347204,0.18422379544359882,0.1418139365315894,26.806999077921382,2.21687753850589,0.0998982696555251,0.027953861843269454,0.10298556262104208,0.9250192726824504,0.04864700968400564
18.0,0.008323000774216351,1.8556238415756852,0.934691544982459,0.018536001068857683,4.950471407214765,0.231058684516058,0.0,0.8603622587567561,0.10686091843752815,1.350406667005009,1.0383834789651172,0.18428887779437217,0.14597253981078742,27.005315884364528,2.217084136167073,0.09988199695261772,0.027956892961428313,0.10321979460201197,0.9247465670822324,0.048677978589831264
18.5,0.008334635928961326,1.8553227316063057,0.9340397264067712,0.018589924475966645,4.950471407214765,0.23127466613639108,0.0,0.860307088443327,0.10691911515453155,1.3500129595469408,1.0377891630479208,0.18435386170619977,0.15013694818489998,27.203974339013,2.2172904433659557,0.09986670106659272,0.027960082934264316,0.10344788213553403,0.9244769596897491,0.04870895252292643
19.0,0.008346278807300475,1.8550222138963552,0.9333950328722705,0.01864272397649039,4.950471407214765,0.23148565208434368,0.0,0.8602519995097303,0.10697735050340831,1.3496237502803718,1.0372052163782026,0.1844187515177893,0.15430717777994596,27.402970385653568,2.2174964723443047,0.0998521275897172,0.02796343213949696,0.10367009235512949,0.9242104326191041,0.048739882154463066
19.5,0.008357903510929987,1.8547222629661526,0.9327574137271665,0.0186944215707005,4.950471407214765,0.231691654434381,0.0,0.8601969874271176,0.10703549494602241,1.3492390143218518,1.0366315948662084,0.18448355144965797,0.15848322321105507,27.602299927026444,2.2177022409096154,0.09983815144285905,0.027966941440392135,0.1038865615511298,0.9239469688303303,0.04877073905484656
20.0,0.008369512279429942,1.8544229107861117,0.9321268212549504,0.018745015909309888,4.950471407214765,0.23189268281201791,0.0,0.8601420582016353,0.10709355968430548,1.3488587210342977,1.0360682534792671,0.18454826802215302,0.1626650821286211,27.80195846613767,2.2179077145059507,0.09982477936540897,0.027970607450670665,0.10409729599593824,0.9236865473434237,0.048804094066161645
21.0,0.008392510698392128,1.8538302851759716,0.9308865166696705,0.01884400873333318,4.950471407214765,0.23228490678036923,0.0,0.860033235679645,0.10720859317627054,1.3481107828314738,1.0349649953118545,0.18467642805559023,0.17104610118884148,28.202250605795832,2.218314914120066,0.0997990338589143,0.027978082125651976,0.10450779079580294,0.9231743658633181,0.04886604802358638
22.0,0.00841546634360424,1.8532393805919964,0.9296737204950268,0.018938465630563867,4.950471407214765,0.23265678182625738,0.0,0.8599246239337246,0.10732341272249249,1.3473803676553142,1.0339031874207494,0.18480443178372108,0.17945007472165322,28.6038164757338,2.218721351646405,0.09977575640194289,0.027986221522790247,0.10489480390152425,0.9226741839972167,0.048928389975394206
23.0,0.00843846510479257,1.8526478909845696,0.9284880477278681,0.019028229439753738,4.950471407214765,0.2330080737403923,0.0,0.8598157992874592,0.10743844792620427,1.346667564761684,1.032883149527899,0.1849323073201657,0.18787705241129596,29.006620578459234,2.2191290279691795,0.09975531476591362,0.027995191905528495,0.10525756706895022,0.9221860628667481,0.04898865646858474
24.0,0.008461305034997783,1.852060619382294,0.9273291074106009,0.01911373844085708,4.950471407214765,0.23333996100552432,0.0,0.8597076462770942,0.10755268868910473,1.3459715147002926,1.0319025739455798,0.18506002508637506,0.19632697053658307,29.41062722254328,2.21953373859935,0.09973673880167772,0.028004622068131618,0.10559860013571497,0.9217094139279387,0.04904466951639347
25.0,0.008484006817310378,1.8514775790449791,0.9261965218542084,0.019195520051862692,4.950471407214765,0.233655497444522,0.0,0.8596001694787755,0.10766623846387585,1.345292000317362,1.0309571287750727,0.185186910020608,0.20479961102162847,29.815804804963456,2.2199360547583558,0.0997200955863676,0.028014502666122067,0.10592089919203232,0.921244088475798,0.04910426845574613
26.0,0.008506738468078031,1.8508942306804244,0.9250899082201395,0.019272893312425897,4.950471407214765,0.2339520826971923,0.0,0.859492533054579,0.1077799376346855,1.3446294047750784,1.0300505550720627,0.18531347208172255,0.2132949808165925,30.222120590201172,2.2203395251698415,0.09970613261444357,0.028025168879740894,0.10622078120300783,0.9207903488964091,0.049170586121516154
27.0,0.008529150171195769,1.8503193344756315,0.9240189618785442,0.01934543254075974,4.950471407214765,0.23422768551254786,0.0,0.8593863554251494,0.1078920364913398,1.3439890896972269,1.0291896358633295,0.18543859311461877,0.2218129856752682,30.629536196552607,2.220737389191379,0.09969428755368981,0.02803625461510377,0.10649714334375432,0.9203518667824193,0.04924039987750363
28.0,0.008550845191208939,1.849763302612512,0.9229967410101684,0.019413225999922352,4.950471407214765,0.23448364687184994,0.0,0.8592835666030526,0.10800055064244167,1.3433784635595007,1.0283781822949665,0.18555971784311615,0.2303530458827471,31.038005260744285,2.2211226555810053,0.09968415627027731,0.028047370584216278,0.10675212001735634,0.9199337153925974,0.0493080559077782
29.0,0.008571826640664163,1.8492259845683632,0.9220220736713565,0.019476426404255325,4.950471407214765,0.2347207092810884,0.0,0.8591841481672245,0.10810549565632682,1.342796819528271,1.0276145976282056,0.1856768632008761,0.23891444013695465,31.44748315729843,2.221495388117782,0.09967565328031627,0.028058496136096397,0.10698655986467577,0.9195354106935125,0.04937270512536336
30.0,0.008592078933249005,1.8487077906140295,0.9210936679813768,0.019535319754434472,4.950471407214765,0.23494017215075735,0.0,0.8590881851928378,0.10820679357337767,1.3422432911108984,1.0268964212291047,0.1857899595658756,0.24749645168950687,31.85792366519651,2.2218552315468934,0.09966859239300611,0.02806956404051064,0.1072020157172406,0.919156359318653,0.04943473972242132
31.0,0.008611607064069,1.8482084683727418,0.920210251284972,0.019590120150940606,4.950471407214765,0.23514307351634248,0.0,0.8589956398359501,0.10830446937811312,1.3417171084187294,1.0262216237556896,0.18589897216262533,0.25609836031348004,32.269284755195024,2.2222023888378137,0.09966288298171903,0.028080557556885988,0.10739963297773747,0.9187960340550637,0.049494624783239946
32.0,0.00863039685446787,1.847728518269976,0.9193705709641289,0.01964099559063441,4.950471407214765,0.23533004379461228,0.0,0.8589066134812008,0.10839845215173019,1.3412174104123131,1.025588658481887,0.18600399335803092,0.2647194109558128,32.681525206060485,2.2225362838757903,0.09965834684636399,0.028091403011334032,0.10758029393691429,0.9184538452705281,0.049554196288421726
33.0,0.008648535372616464,1.847265452109703,0.9185733640831166,0.019687771681215393,4.950471407214765,0.2355005167958353,0.0,0.8588206524840465,0.10848917739180583,1.3407437237747168,1.0249978839349985,0.18610529083897193,0.2733589584795757,33.09460427658653,2.2228588462063255,0.09965526864340109,0.028102253396057136,0.1077429947563771,0.9181294688417879,0.04961445159105643
34.0,0.00866588808896931,1.84682296920669,0.9178174025609426,0.019730334237172534,4.950471407214765,0.2356527692312658,0.0,0.8587384514132055,0.10857597220845949,1.3402947693297882,1.024450595351043,0.1862036587538306,0.28201622075063293,33.50848160137816,2.223166036881582,0.09965291679289738,0.028112791817370444,0.10788706062099795,0.9178220288003042,0.04967527434858583
35.0,0.008682833387711286,1.8463910383760258,0.9171014401338674,0.019768135769755297,4.950471407214765,0.235786098814272,0.0,0.8586581530483183,0.10866072920370712,1.3398710851730244,1.0239481090860318,0.18629909623820942,0.29069061256165835,33.92310976213932,2.2234667539100963,0.09965291123871599,0.028123745894959154,0.10800944168059687,0.9175318936291239,0.049729164843774314
36.0,0.008699413306751419,1.8459682476367896,0.9164242662245836,0.019802014814805948,4.950471407214765,0.23590517774446695,0.0,0.858579498744687,0.10874365864276204,1.3394720806681755,1.0234836813943986,0.18639063276513398,0.29938182099313354,34.33844921777756,2.223763091591796,0.09965532757826981,0.028135188871354765,0.10811466129484239,0.9172586588657561,0.04977967530673612
37.0,0.008714971547131667,1.8455720760258505,0.9157846435805278,0.019832906824412952,4.950471407214765,0.2360105384675825,0.0,0.8585057470192462,0.10882147784949599,1.339094618523832,1.0230541765469805,0.18647907669643968,0.3080890234361557,34.75446373021421,2.224038700854965,0.09965703830630698,0.028145752121871852,0.10820774803940364,0.9170001761207328,0.04983044352110258
38.0,0.008730405306006253,1.8451786439002702,0.9151813439261005,0.019859843098224843,4.950471407214765,0.23610258549977026,0.0,0.8584324578119372,0.10889867442463487,1.3387410924000034,1.0226608591695758,0.18656359599225208,0.3168118244174042,35.171115554804345,2.2243156096789347,0.09966203521170822,0.02815722054632706,0.108283329741735,0.9167580845513026,0.04987732944295422
39.0,0.00874449827069492,1.8448199162062453,0.9146131342802826,0.019884335456195223,4.950471407214765,0.23618130566115014,0.0,0.8583655921484705,0.10896916461541466,1.3384064223843906,1.0222998460403765,0.18664572296478252,0.32554925930338324,35.58837133429155,2.2245638579055687,0.09966462918880846,0.028167118090362653,0.10834955838197902,0.9165289054783573,0.049930954059919735
40.0,0.00875879131397132,1.8444551746952296,0.9140913143261405,0.01990421265552061,4.950471407214765,0.23624800921901712,0.0,0.858297565153306,0.10904065555927454,1.3381036939004523,1.0219793600878573,0.18672116385305204,0.3343011124320878,36.00619278143253,2.2248236319408785,0.09967311615516125,0.028178903154847244,0.10839598990900863,0.9163215996843916,0.049978840049515284
41.0,0.008770585416336843,1.8441549148208707,0.9136329196600225,0.019922961571030313,4.950471407214765,0.2363084307877395,0.0,0.8582415338903071,0.10909964730048644,1.3378349806473935,1.021693295717662,0.18678787311673223,0.3430658899282377,36.42454145819663,2.2250335883675874,0.09967702929702212,0.028187716371326253,0.10844368511939118,0.9161375872203191,0.05002417995043996
41.63330078125,0.008777377204379627,1.8439819566204882,0.913373469649311,0.019933144749903802,4.950471407214765,0.23634098898105427,0.0,0.8582092457566529,0.10913361846591882,1.337683258405435,1.0215338741704953,0.18682593707931044,0.34862247941854535,36.689737394563295,2.2251549230008396,0.09967975175360039,0.028192934696090886,0.108468302531363,0.9160336891681032,0.05005111436384131
42.0,0.008781066369182288,1.8438879746290828,0.9132336509378517,0.019938452039903673,4.950471407214765,0.23635772431249472,0.0,0.8581916971928811,0.10915207093042877,1.3376015879762497,1.0214491206054042,0.18684662511919767,0.3518418194471299,36.8433791692522,2.2252208719749853,0.09968134424322281,0.028195806050893,0.10848057401837888,0.9159777619790079,0.050065598315281346
42.183349609375,0.008782845958843547,1.8438426107883874,0.9131665053539709,0.019940946947680265,4.950471407214765,0.23636551720496685,0.0,0.8581832257688086,0.10916097208199646,1.3375623954432245,1.0214087680503725,0.18685661262619666,0.3534519878847447,36.920222619730396,2.2252527088449896,0.0996821433971591,0.028197202606468155,0.10848617120133963,0.9159509232782995,0.05008084047211152
43.0,0.008790165253714987,1.8436563062760731,0.9128892101835373,0.01995153361192778,4.950471407214765,0.23639899067602985,0.0,0.8581484279066343,0.10919758173108443,1.3374003830010002,1.0212402823298279,0.18689759943694462,0.36062754748151316,37.26266661578016,2.225383525470359,0.09968529414044193,0.028202890701817536,0.1085108058337704,0.9158399785877613,0.05010912588100991
43.4083251953125,0.008793423795903628,1.8435733765612714,0.9127633097256099,0.01995625889033526,4.950471407214765,0.23641330579612552,0.0,0.8581329349132389,0.10921388030740357,1.337326592762984,1.021164792038818,0.18691649996654391,0.36421745842558273,37.43399434376065,2.2254411956154314,0.0996864228573623,0.028205346372544605,0.1085215365662186,0.9157894476840293,0.050129859962293515
44.0,0.008798081758941246,1.8434546716815823,0.9125950736745619,0.019962038222553734,4.950471407214765,0.23643149896721322,0.0,0.8581107547051668,0.10923717850692513,1.3372290378448748,1.0210659719647268,0.18694167155035024,0.36942170783681616,37.68237117833656,2.2255254306235206,0.09968931096752862,0.028209231547753275,0.10853295645193131,0.9157226429371128,0.05014406612066369
44.29583740234375,0.008800149626961611,1.8434020110250393,0.9125169594402615,0.019964890194133923,4.950471407214765,0.2364402350282247,0.0,0.8581009135879969,0.10924752156918939,1.3371834091268002,1.0210194495970168,0.1869533912545627,0.3720248217325736,37.806610883860074,2.2255623185780458,0.09969021620870108,0.028210847574345017,0.1085391712451786,0.9156913967936875,0.050160678949124134
45.0,0.00880472473753609,1.8432855532738188,0.9123463107547001,0.019970886905934813,4.950471407214765,0.23645840600393103,0.0,0.8580791471770866,0.1092704053572608,1.3370839102845342,1.0209191801651503,0.1869791668295199,0.37822319159495,38.102462534164374,2.2256440388867165,0.09969245120236751,0.02821448629391442,0.10855146850764909,0.9156232608646653,0.050178383626782855
45.352081298828125,0.008806798633021546,1.8432327468198566,0.9122686495664606,0.019973593577805187,4.950471407214765,0.23646649495645825,0.0,0.8580692760720944,0.10928077856769997,1.3370385995575271,1.0208737682986673,0.18699095217533243,0.38132354224359377,38.2504568577515,2.2256810156345592,0.09969342828752706,0.0282161275087102,0.10855693916022097,0.9155922324787164,0.050190469772045686
45.784027099609375,0.008809202863905454,1.843171516794563,0.9121800088512519,0.019976578625568252,4.950471407214765,0.23647539851817848,0.0,0.8580578292782841,0.10929280404973511,1.33698700864788,1.0208224729642452,0.18700444752579395,0.3851281232673781,38.43207998607904,2.225724047448268,0.09969471096546552,0.02821807411651625,0.1085626134361967,0.9155569034791234,0.05020089882556504
46.0,0.008810339987796045,1.8431425360145268,0.9121383008853361,0.019977942959331568,4.950471407214765,0.2364794073356567,0.0,0.8580524109956842,0.10929849171601107,1.3369627555048589,1.0207985954532235,0.1870108355957752,0.38703079576163935,38.52291600440863,2.225744416662405,0.09969534052317232,0.02821900310165165,0.10856506371083276,0.9155402951408371,0.05020704385491782
46.10798645019531,0.008810939611174991,1.8431272223577697,0.9121180858716137,0.019978537921514845,4.950471407214765,0.23648130785258265,0.0,0.8580495478313066,0.10930149091222786,1.3369511701977799,1.020787208934368,0.18701389072216393,0.38798222527082904,38.56834001890955,2.2257554639211996,0.09969586667377486,0.028219550411859046,0.10856589076694877,0.9155323616247996,0.050215226797584195
47.0,0.008815040219017889,1.8430228516404576,0.9119667671356299,0.019983581952505988,4.950471407214765,0.23649617905386702,0.0,0.8580300319255717,0.10932200133253649,1.3368630683616203,1.0207000607758685,0.1870370238653218,0.39584357517304475,38.94370913462081,2.225828723912694,0.09969803213203032,0.02822286168694332,0.10857528523489342,0.9154720302649708,0.050232057762040414
47.446006774902344,0.008816807596614101,1.8429778518996087,0.9119009289962442,0.019985771887296035,4.950471407214765,0.23650251109416662,0.0,0.8580216165537539,0.10933084140179722,1.3368246778062196,1.0206622846123985,0.18704714189131202,0.39977554223889245,39.13149091737228,2.225860188726083,0.09969889584223993,0.028224270906649005,0.10857934434527768,0.9154457407514617,0.0502434249517683
48.0,0.00881882266752375,1.8429265339108574,0.9118275687753112,0.019988091550628872,4.950471407214765,0.2365092076327953,0.0,0.8580120188517086,0.1093409203834731,1.3367820570688902,1.0206207919737889,0.18705845746148464,0.4046605596145156,39.364825108876616,2.225896273193221,0.09970006560091714,0.02822593130411434,0.10858321072776381,0.9154165544467026,0.05025289872157546
48.27699661254883,0.008819745813842886,1.8429030066823333,0.911794172687616,0.01998910815387308,4.950471407214765,0.23651208022467402,0.0,0.8580076184219674,0.10934553777673214,1.3367626761983067,1.0206021548839428,0.1870636456022951,0.4071034703561517,39.48152787188131,2.2259128176873313,0.09970062415421795,0.028226699862552555,0.1085847562079035,0.9154032825975796,0.050259156654913865
48.75899887084961,0.008821219219061264,1.8428654674738205,0.9117408465255608,0.01999073854748075,4.950471407214765,0.23651669905971237,0.0,0.8580005969008869,0.10935290745495344,1.3367317245618766,1.020572349540105,0.18707192397993996,0.4113549583226602,39.68465774110243,2.2259392172303683,0.09970151241301055,0.02822792490407001,0.10858726174263181,0.9153820871901267,0.05026625227101422
49.0,0.008821899227253113,1.842848131569887,0.9117163706115032,0.01999146169455754,4.950471407214765,0.2365187068250231,0.0,0.8579973541607371,0.10935630871992742,1.3367175320893054,1.0205588300092066,0.18707574710404598,0.41348097694142993,39.78624859012698,2.225951409511605,0.09970193688960331,0.028228495303778203,0.10858827463164154,0.9153723683101705,0.050266999455185826
49.120500564575195,0.008822108097015734,1.8428428623078197,0.9117046394264008,0.019991943994538484,4.950471407214765,0.23651963938893875,0.0,0.8579963685089462,0.10935735344470611,1.3367103218676284,1.0205520785720248,0.18707771084473512,0.41454403763152364,39.83705074381838,2.2259544062159535,0.09970160649093125,0.028228535796414628,0.10858949710159287,0.9153674308140024,0.05027679295489245
50.0,0.008824377669772912,1.842784970068808,0.9116287491276122,0.01999387972418295,4.950471407214765,0.23652524920253848,0.0,0.8579855388050486,0.10936870539372295,1.3366668702258282,1.020511405644887,0.18708954829789745,0.42230411306910565,40.20796750842161,2.225995948543005,0.09970365609178598,0.02823062164408539,0.10859097146666712,0.9153376755131952,0.05028486837919679
50.4397497177124,0.008825245438069467,1.8427628615012104,0.9115968059336432,0.019994852241353556,4.950471407214765,0.23652789396512355,0.0,0.8579814027590045,0.10937304579718865,1.3366482772111477,1.0204936752302842,0.1870945540451756,0.42618482466363533,40.393509515741414,2.2260113856167743,0.09970411920395125,0.02823132652861549,0.1085924482325568,0.915324943180841,0.05029129665054265
51.0,0.00882624175792879,1.8427374683735978,0.9115611976833258,0.01999586316566639,4.950471407214765,0.23653063348911899,0.0,0.8579766520558947,0.10937802918986102,1.3366276507920094,1.0204742658111026,0.18710015514696893,0.43112945386495816,40.62997360555505,2.226029248408886,0.09970476728855147,0.028232169605412055,0.10859369659515543,0.9153108183910608,0.05029652215834067
51.2801251411438,0.008826686789031294,1.8427261153015726,0.9115453890385583,0.019996293017776657,4.950471407214765,0.23653176495173803,0.0,0.8579745279890016,0.10938025514642952,1.3366185040068206,1.0204657701869355,0.1871026594730287,0.43360197033920556,40.74823851577754,2.22603723499774,0.09970506723058886,0.028232549995774427,0.10859414772537475,0.9153045547532916,0.05030006544178112
51.7600417137146,0.008827367326262003,1.8427087608662513,0.9115211929784874,0.01999695621735305,4.950471407214765,0.2365335206656282,0.0,0.8579712810396116,0.10938365905755008,1.3366045011733383,1.0204527327732829,0.1871064876794892,0.4378382093270275,40.950903881381436,2.2260494437787703,0.09970552339649019,0.028233130515134333,0.10859486675400366,0.9152949657365098,0.05030366570012146
52.0,0.008827675910845673,1.8427008849802562,0.9115102815540483,0.019997243470628666,4.950471407214765,0.23653425962336552,0.0,0.8579698074605264,0.1093852025359207,1.3365981930792104,1.020446929065291,0.18710822501279706,0.439956447992346,41.052260701332045,2.2260549846180933,0.09970573676136368,0.0282333961197053,0.10859512674229654,0.9152906460093253,0.05030397656646414
52.1199791431427,0.00882775837127375,1.842698807479259,0.911505112154624,0.019997454012619407,4.950471407214765,0.2365345966845531,0.0,0.8579694187566984,0.10938561498648984,1.3365949826562198,1.0204440275030335,0.1871091187791504,0.44101559143080526,41.10294491468403,2.226056060901888,0.09970554725636295,0.028233395212809726,0.10859565421538042,0.915288447539996,0.05030930082381103
53.0,0.008828760629216583,1.8426732121573168,0.9114727286682355,0.019998144552727495,4.950471407214765,0.23653647387510654,0.0,0.8579646297213812,0.10939062808026831,1.3365765588271197,1.0204274525380288,0.18711426201146567,0.44878466549335927,41.4748253630102,2.2260745134340767,0.09970657426705426,0.028234353696527995,0.10859554591152429,0.9152758310644342,0.05031326688466438
53.44001042842865,0.008829114920653178,1.8426641760184836,0.9114598018634935,0.019998505548397102,4.950471407214765,0.2365373872414091,0.0,0.857962938958574,0.10939240017517586,1.3365690458675037,1.0204204958902612,0.18711632316358978,0.45266948920103517,41.66084550599798,2.226080811064219,0.09970677538903779,0.02823464579829247,0.10859596605407884,0.9152706862559974,0.05031640653872751
54.0,0.00882950650679317,1.8426541848722413,0.9114460217814696,0.019998857494427685,4.950471407214765,0.23653827314007184,0.0,0.8579610694739788,0.10939435881073088,1.3365610850303353,1.0204132340310392,0.18711852730496223,0.457613814938583,41.89766578126605,2.226087840668899,0.09970705314337532,0.028234984661949472,0.10859623533474703,0.9152652347449656,0.05031879731009133
54.279994785785675,0.008829674657904992,1.8426498901305124,0.911440136128462,0.019999001289799378,4.950471407214765,0.23653862225248345,0.0,0.8579602658577093,0.10939519986896198,1.3365576885074255,1.0204101743069152,0.18711947479622634,0.4600860555008859,42.016108338510556,2.226090862405982,0.09970717586036702,0.02823513149504197,0.10859631489707444,0.9152629088360542,0.05032032078492344
54.75999826192856,0.008829925627034375,1.842643482326746,0.9114313447407134,0.0199992177932389,4.950471407214765,0.23653915154850297,0.0,0.8579590668425116,0.10939645516635334,1.336552614133181,1.0204055927861848,0.18712088845986077,0.46432439194737946,42.21920826526845,2.2260953709376077,0.09970735824213658,0.02823535026484794,0.10859644304151843,0.9152594339493572,0.05032189942055039
55.0,0.008830035106342875,1.8426406845578092,0.9114275275874375,0.019999308111667707,4.950471407214765,0.23653936485639626,0.0,0.8579585433257264,0.1093970027599586,1.3365504129564887,1.0204036271772068,0.1871215056810924,0.46644360338027546,42.320782271783784,2.2260973394812753,0.09970743975098514,0.028235446445053106,0.10859647866035797,0.9152579266029855,0.050322030328221724
55.12000086903572,0.008830060251512862,1.8426400518945096,0.9114257464225863,0.019999380713232335,4.950471407214765,0.23653945994502104,0.0,0.8579584249418295,0.10939712853106982,1.3365492955595866,1.0204026469980236,0.187121822239961,0.4675032172007195,42.37157514619911,2.2260976280429845,0.09970735952791793,0.028235439755738924,0.1085966606613642,0.9152571614194489,0.05032423511273859
56.0,0.00883040082950115,1.842631343610552,0.9114150852058437,0.01999956804045047,4.950471407214765,0.2365399302891412,0.0,0.8579567954360605,0.10939883203405165,1.336543267671437,1.0203974163080143,0.18712354040245122,0.47527381932236606,42.74417631517176,2.22610393499197,0.09970774581973497,0.02823577692021173,0.10859640754919447,0.9152530335748453,0.05032573370838501
56.43999956548214,0.008830510906654394,1.8426285327666727,0.9114110893542287,0.019999671599598205,4.950471407214765,0.23654017280870882,0.0,0.8579562694622115,0.10939938261795674,1.3365409476044403,1.0203953208921706,0.1871241866393867,0.47915921841808706,42.930558235907526,2.2261058896768,0.09970781048651202,0.028235868567172126,0.10859649375502468,0.9152514448134426,0.05032688212734286
57.0,0.008830627664517919,1.8426255499588415,0.9114070332363486,0.01999976514083487,4.950471407214765,0.23654038891739151,0.0,0.8579557113072779,0.10939996661743853,1.3365386099254675,1.0203932473305877,0.18712484471005136,0.48410434247202744,43.167851081754236,2.2261079884722736,0.09970789901095523,0.028235971527549853,0.10859651837888645,0.915249843991514,0.05032770312558589
57.28000021725893,0.008830675627214115,1.8426243230877795,0.9114053754712259,0.019999801527231954,4.950471407214765,0.2365404689273497,0.0,0.8579554817294633,0.10940020651725238,1.336537655540571,1.0203924117599437,0.18712511539062499,0.48657692650307294,43.28653093071554,2.2261088517351753,0.09970793629748606,0.028236014204240323,0.1085965184256233,0.9152491904371601,0.05032824692654307
57.76000007241964,0.008830743472223505,1.8426225886191476,0.9114030267915628,0.019999853958951576,4.950471407214765,0.23654058628607325,0.0,0.8579551571668438,0.10940054586442033,1.336536302889875,1.020391222211683,0.18712549805676934,0.4908156999287472,43.4900340534265,2.2261100721669798,0.09970798863348188,0.028236074381565567,0.10859652327102579,0.9152482641539017,0.050328746108655745
58.0,0.008830771821957838,1.8426218631093598,0.9114020495397154,0.019999874873200468,4.950471407214765,0.23654063106146156,0.0,0.8579550214054765,0.1094006876641215,1.3365357405836655,1.0203907330698074,0.18712565811728582,0.4929350616026866,43.59181048956012,2.2261105826663585,0.0997080109581346,0.028236099713474266,0.10859652038985274,0.9152478790915723,0.050328804418046796
58.11999996379018,0.008830776818456395,1.8426217380001433,0.9114016074487286,0.019999893610806594,4.950471407214765,0.23654065043247083,0.0,0.8579549979943382,0.109400712655608,1.3365354589546057,1.0203904921674223,0.18712573903178897,0.4939947472813661,43.64270494948072,2.226110623528977,0.09970798537035759,0.028236095606311944,0.1085965694558013,0.9152476862344778,0.05032944812761491
59.0,0.008830860971462644,1.8426195831580412,0.9113990658676142,0.01999992836165624,4.950471407214765,0.23654072827981723,0.0,0.8579545947674393,0.10940113357211464,1.3365340324959396,1.0203892990785892,0.18712615383429224,0.5017658641663977,44.01605923993681,2.2261121933849553,0.09970809094248338,0.02823618202784732,0.10859645530948656,0.915246709408173,0.05032986955711441
59.44000001810491,0.008830884781145033,1.8426189743538197,0.911398200240735,0.019999949612525377,4.950471407214765,0.2365407742101126,0.0,0.857954480844106,0.10940125266338403,1.3365335298769578,1.0203888539620876,0.18712629545758958,0.5056514477602082,44.20282170423165,2.226112615300834,0.09970810478149013,0.028236201872914903,0.1085964675557076,0.9152463652191303,0.0503301746463691
60.0,0.00883090842936426,1.8426183694186942,0.9113973866590827,0.01999996678728026,4.950471407214765,0.23654081048239634,0.0,0.8579543676446696,0.10940137094704695,1.3365330618697486,1.0203884481785597,0.1871264289204274,0.5105967492630671,44.440602727348214,2.22611304095976,0.09970812357805948,0.02823622303385595,0.10859646387048089,0.915246044731924,0.05033037231415085
60.279999990947545,0.008830917515528577,1.8426181366659455,0.911397075430986,0.019999973040660524,4.950471407214765,0.23654082292248765,0.0,0.8579543240904157,0.10940141639422366,1.336532883017742,1.0203882950057603,0.18712648027259798,0.5130694063364794,44.559528545640596,2.2261132047336925,0.09970813094970296,0.028236231231520838,0.10859646074126385,0.9152459222556484,0.05033048921262895
60.759999996982515,0.008830929892162158,1.8426178197570076,0.911396650929686,0.019999981701803192,4.950471407214765,0.2365408404880913,0.0,0.8579542647882651,0.10940147829966948,1.3365326389969594,1.0203880852288518,0.18712655019085958,0.517308247109628,44.76345655517942,2.2261134277244836,0.09970814092907548,0.028236242370198186,0.1085964571888176,0.9152457551523702,0.05033059633456558
61.0,0.008830934787639265,1.842617694230081,0.9113964836483909,0.019999984964501016,4.950471407214765,0.23654084672630588,0.0,0.8579542412988064,0.10940150278586688,1.3365325429232042,1.0203880035428867,0.18712657788455772,0.51942767360325,44.865446883693345,2.2261135160513725,0.09970814494488872,0.02823624680893264,0.10859645497248457,0.9152456893619105,0.050330613262991694
61.12000000150874,0.008830935521059145,1.8426176758297859,0.911396410330139,0.01999998807170568,4.950471407214765,0.23654084932283093,0.0,0.8579542378556165,0.10940150645428644,1.3365324959013738,1.0203879641732998,0.18712659155074945,0.5204873841641589,44.916448711815185,2.226113520499014,0.0997081402671462,0.028236245947774706,0.10859646310791005,0.9152456571617761,0.05033074795260935
62.0,0.008830948213035358,1.8426173503753542,0.9113960389883285,0.01999999200411611,4.950471407214765,0.236540857101467,0.0,0.8579541769543287,0.10940156993701305,1.3365322889105147,1.020387795747836,0.18712665260451403,0.5282586141103489,45.29059786018211,2.226113759014165,0.0997081574996983,0.02823625938839708,0.10859644021337161,0.9152455154162626,0.05033082066664554
62.43999999924563,0.008830951257086049,1.8426172724184682,0.9113959272844261,0.01999999474619823,4.950471407214765,0.23654086285108586,0.0,0.8579541623664912,0.10940158516274581,1.3365322239692132,1.0203877384832547,0.1871266709484401,0.5321442324832171,45.47776314565299,2.226113812855352,0.09970815915578683,0.028236261902866926,0.10859644179243211,0.9152454709450325,0.050330866865541626
63.0,0.008830954076386673,1.8426172001623877,0.9113958302574582,0.019999996771758604,4.950471407214765,0.23654086705781496,0.0,0.8579541488454266,0.10940159926432366,1.3365321681700977,1.0203876902604814,0.18712668688976009,0.5370895662350457,45.716062103343155,2.226113863698145,0.099708161393002,0.028236264435094985,0.108596441229718,0.9152454327342907,0.0503308968745884
63.280000000377186,0.008830955030640292,1.8426171756611278,0.9113957973614633,0.019999997458967675,4.950471407214765,0.23654086847955458,0.0,0.8579541442605787,0.1094016040373094,1.3365321492524613,1.0203876739174385,0.18712669229546022,0.5395622335374396,45.83524914968352,2.2261138809382413,0.09970816214420668,0.028236265293895228,0.10859644104145269,0.9152454197796602,0.05033091424243389
63.76000000012573,0.008830956156867397,1.842617146775751,0.9113957581454212,0.01999999835589464,4.950471407214765,0.23654087051973255,0.0,0.8579541388553439,0.10940160967047213,1.3365321266569725,1.0203876539399428,0.18712669866827084,0.5438012085345685,46.039628561333274,2.226113901263321,0.09970816298794939,0.02823626629292391,0.10859644123885924,0.915245404306469,0.0503309273646064
64.0,0.008830956544500761,1.842617136818719,0.9113957445268615,0.019999998685916332,4.950471407214765,0.23654087130742774,0.0,0.857954136992114,0.10940161160933672,1.3365321188003052,1.0203876468889186,0.18712670086496497,0.545920521445986,46.14184635552509,2.226113908269607,0.09970816326512996,0.02823626663418509,0.10859644140811267,0.9152453989262925,0.05033092866813754
64.11999999993714,0.008830956566937082,1.8426171362783497,0.9113957387088125,0.019999999002366688,4.950471407214765,0.2365408716593949,0.0,0.8579541368909962,0.1094016117215587,1.3365321149455498,1.020387643475555,0.18712670195119685,0.5469802368220399,46.192962301493125,2.226113907794254,0.09970816273090467,0.0282362664953521,0.10859644243313817,0.9152453962865901,0.05033094104293492
65.0,0.008830957525922044,1.8426171116287233,0.9113957106852172,0.019999999467532805,4.950471407214765,0.23654087317298728,0.0,0.8579541322783844,0.10940161651820968,1.3365320993367573,1.020387629535915,0.1871267063279337,0.5547514772229714,46.567957612810176,2.2261139260781047,0.0997081640367253,0.028236267516477814,0.10859644161978417,0.9152453855978268,0.050330947932382936
65.44000000003143,0.008830957671740863,1.8426171078823361,0.9113957042334468,0.01999999978885486,4.950471407214765,0.23654087419512004,0.0,0.857954131577334,0.10940161724756627,1.3365320954844186,1.0203876252286985,0.18712670724917035,0.5586370966229411,46.75555191264374,2.2261139286304537,0.09970816399562366,0.028236267603744827,0.10859644259575157,0.9152453829597792,0.0503309515070664
66.0,0.008830957768358207,1.8426171053980462,0.9113956997570356,0.020000000089223292,4.950471407214765,0.2365408752951295,0.0,0.8579541311124561,0.10940161773082688,1.3365320927961248,1.0203876217060983,0.18712670779725188,0.5635824371709782,46.99440283776321,2.226113930378526,0.09970816394633868,0.028236267655474406,0.10859644369331645,0.9152453811188593,0.05033095303929057
66.27999999998428,0.008830957790856665,1.8426171048136835,0.9113956983845038,0.020000000224653203,4.950471407214765,0.236540875821619,0.0,0.857954131003106,0.10940161784335967,1.3365320919480574,1.0203876203549633,0.18712670792616382,0.5660551016869784,47.11386833372314,2.2261139307897215,0.09970816389874339,0.02823626765774152,0.10859644426513412,0.9152453805381102,0.05033095379407872
66.75999999999476,0.008830957805840176,1.8426171044251998,0.9113956968240786,0.020000000445594093,4.950471407214765,0.2365408767143812,0.0,0.8579541309304103,0.1094016179183042,1.3365320909468763,1.0203876183973972,0.18712670801187356,0.570293965448896,47.31872904131341,2.2261139310630758,0.09970816379633446,0.028236267639173782,0.10859644527887294,0.9152453798525102,0.05033095433622872
67.0,0.008830957804633622,1.8426171044529276,0.9113956963302559,0.020000000552226112,4.950471407214765,0.23654087715758335,0.0,0.8579541309355988,0.10940161791226927,1.3365320906098186,1.0203876175477136,0.18712670800576583,0.5724133948786518,47.42118929711253,2.2261139310435567,0.09970816373680924,0.028236267621749217,0.10859644579902487,0.915245379621696,0.0503309544843294
67.12000000000262,0.008830957798169595,1.8426171046225996,0.9113956961502014,0.02000000060949532,4.950471407214765,0.23654087737934215,0.0,0.8579541309673491,0.10940161787993748,1.3365320904655125,1.020387617141154,0.18712670799530548,0.5734731097872723,47.47242697356785,2.2261139309003024,0.09970816368764394,0.028236267603165936,0.10859644608853228,0.9152453795228765,0.05033095492673657
68.0,0.008830957763353492,1.8426171055104583,0.9113956955010635,0.020000000978945085,4.950471407214765,0.23654087899014783,0.0,0.8579541311334915,0.1094016177057943,1.3365320899082014,1.0203876145627762,0.18712670777000814,0.5812443530813933,47.84832453169402,2.2261139303015893,0.09970816345791386,0.028236267515002533,0.10859644801723141,0.9152453791412348,0.050330955004251485
68.43999999999869,0.008830957736310065,1.842617106209608,0.9113956953887192,0.020000001169736437,4.950471407214765,0.23654087982008462,0.0,0.8579541312643214,0.10940161757052849,1.3365320897385546,1.0203876133240206,0.18712670761818898,0.5851299747649275,48.0363763886415,2.226113929807485,0.09970816332234254,0.028236267457933825,0.10859644903980825,0.9152453790250622,0.050330955023089555
69.0,0.008830957699111068,1.8426171071738937,0.9113956953416855,0.020000001413510545,4.950471407214765,0.23654088088804145,0.0,0.8579541314447653,0.10940161738446655,1.336532089577417,1.0203876117736401,0.1871267074054419,0.5900753095119511,48.275815989788555,2.226113929128971,0.09970816314762092,0.028236267382566474,0.10859645035785405,0.9152453789147167,0.05033095498907035
69.28000000000065,0.008830957679265184,1.8426171076899442,0.9113956953504204,0.020000001537067505,4.950471407214765,0.23654088143117694,0.0,0.8579541315413323,0.10940161728520141,1.3365320895140689,1.0203876109993584,0.187126707291586,0.5925479762208435,48.39557848977589,2.2261139287658565,0.09970816305810672,0.028236267343283064,0.10859645102978717,0.9152453788713364,0.05033095497382624
69.76000000000022,0.008830957644044537,1.8426171086083027,0.9113956953982624,0.0200000017503386,4.950471407214765,0.23654088237067034,0.0,0.8579541317131819,0.10940161710903477,1.3365320894231365,1.0203876096742721,0.1871267070889715,0.5967868573644649,48.600952517269356,2.226113928119659,0.09970816290278318,0.02823626727437531,0.10859645219351183,0.9152453788090666,0.050330954920855105
70.0,0.0088309576257406,1.8426171090860524,0.9113956954368828,0.02000000185849665,4.950471407214765,0.23654088284791372,0.0,0.857954131802582,0.10940161701748213,1.3365320893851005,1.020387609007382,0.18712670698356673,0.5989062654131223,48.70367146767218,2.226113927783494,0.09970816282356765,0.028236267238953464,0.1085964527853926,0.9152453787830199,0.05033095489093814
70.11999999999989,0.008830957616520247,1.8426171093292065,0.9113956954593377,0.020000001912902077,4.950471407214765,0.2365408830884841,0.0,0.8579541318480826,0.10940161697136376,1.3365320893676313,1.020387608672515,0.18712670692991562,0.5999659823666732,48.75503896825678,2.2261139276124045,0.09970816278399217,0.028236267221011965,0.10859645308347997,0.9152453787710573,0.05033095490129816
71.0,0.008830957546564764,1.8426171111714091,0.9113956956888059,0.02000000231292066,4.950471407214765,0.23654088485996855,0.0,0.8579541321928085,0.10940161662146045,1.336532089275336,1.0203876062344055,0.18712670652379154,0.6077372248668114,49.13189886249504,2.2261139263158713,0.09970816249019597,0.028236267086920806,0.10859645528285178,0.9152453787078543,0.050330954781369217
71.44000000000005,0.008830957509725455,1.8426171121592507,0.9113956958466457,0.02000000251858521,4.950471407214765,0.2365408857740037,0.0,0.8579541323776605,0.10940161643719759,1.3365320892493304,1.0203876049929141,0.18712670630766823,0.6116228454993229,49.320438829741754,2.2261139256191718,0.09970816233952753,0.02823626701609522,0.10859645641838095,0.9152453786900459,0.05033095472724999
72.0,0.0088309574620602,1.8426171134499774,0.9113956960896566,0.02000000278333237,4.950471407214765,0.2365408869583852,0.0,0.8579541326191903,0.10940161619878551,1.3365320892401746,1.0203876034029602,0.1871267060201568,0.6165681823381745,49.56050627028198,2.2261139247133865,0.09970816214882558,0.028236266924692943,0.10859645788486667,0.915245378683776,0.050330954649656624
72.27999999999997,0.008830957437391531,1.842617114127172,0.9113956962290917,0.0200000029180023,4.950471407214765,0.23654088756144712,0.0,0.8579541327459117,0.10940161607539778,1.3365320892434283,1.0203876025994325,0.18712670587135438,0.6190408487817552,49.68058557124584,2.2261139242363472,0.09970816205162494,0.02823626687710748,0.10859645863271468,0.9152453786860041,0.05033095461222356
72.66399999999999,0.008830957403253096,1.8426171150773099,0.9113956964400399,0.02000000310409738,4.950471407214765,0.23654088839820928,0.0,0.8579541329237083,0.10940161590464414,1.3365320892583306,1.0203876014924502,0.18712670566172795,0.6224319388578289,49.845315572970826,2.2261139235677896,0.0997081619190789,0.028236266810817173,0.10859645966831319,0.915245378696209,0.05033095455017406
72.856,0.008830957386202872,1.8426171155652973,0.9113956965542436,0.020000003198085134,4.950471407214765,0.23654088882305757,0.0,0.8579541330150238,0.10940161581936234,1.3365320892699408,1.020387600933491,0.18712670555406458,0.6241274816789526,49.9277023210323,2.2261139232244207,0.09970816185384748,0.0282362667769523,0.10859646019225783,0.9152453787041597,0.05033095451811678
72.952,0.008830957377586419,1.842617115812594,0.9113956966135337,0.02000000324540902,4.950471407214765,0.23654088903717202,0.0,0.8579541330612998,0.10940161577626456,1.3365320892767798,1.0203876006525412,0.18712670549950408,0.6249752539043446,49.9689011622171,2.2261139230504123,0.0997081618210548,0.028236266759834497,0.10859646045628274,0.9152453787088429,0.05033095450180933
73.0,0.008830957373374438,1.8426171159370737,0.9113956966437257,0.020000003269054784,4.950471407214765,0.23654088914465832,0.0,0.8579541330845933,0.10940161575519705,1.3365320892804569,1.0203876005116896,0.18712670547204033,0.6253991391259662,49.98950195121775,2.226113922962823,0.09970816180515701,0.028236266751228808,0.10859646058827255,0.9152453787113609,0.050330954493693854
73.024,0.008830957371226009,1.842617115999508,0.9113956966589583,0.020000003280929657,4.950471407214765,0.23654088919851093,0.0,0.8579541330962764,0.10940161574445105,1.3365320892823616,1.0203876004411683,0.18712670545826154,0.6256110823650667,49.999802690093446,2.226113922918895,0.09970816179702963,0.0282362667469153,0.10859646065456602,0.9152453787126652,0.050330954523306104
74.0,0.00883095728281477,1.8426171186041063,0.91139569735851,0.020000003762215664,4.950471407214765,0.2365408913906986,0.0,0.8579541335836672,0.10940161530223573,1.3365320894050803,1.0203875976049297,0.1871267048836207,0.6342300968851581,50.41889431170854,2.226113921086183,0.09970816147052858,0.028236266568952173,0.10859646335121782,0.915245378796702,0.050330954339676826
74.488,0.008830957241894965,1.8426171199853116,0.9113956977530461,0.020000004007672517,4.950471407214765,0.23654089253347843,0.0,0.857954133842128,0.10940161509756302,1.3365320894860655,1.0203875961393967,0.1871267045788878,0.6385396047187011,50.628584409274744,2.226113920114308,0.09970816132715363,0.028236266475309378,0.10859646473101546,0.9152453788521598,0.05033095408813223
74.744,0.008830957226940921,1.8426171206596107,0.9113956978793849,0.020000004136679173,4.950471407214765,0.23654089314689808,0.0,0.8579541339683077,0.10940161502276591,1.3365320894808677,1.0203875953155732,0.18712670443011736,0.6408003287228179,50.738624716702155,2.2261139196398436,0.09970816127280553,0.028236266427540128,0.10859646544655242,0.9152453788486005,0.05033095392735272
74.872,0.008830957223332067,1.842617120975766,0.9113956979112816,0.020000004199833506,4.950471407214765,0.2365408934574093,0.0,0.8579541340274689,0.10940161500471514,1.3365320894599764,1.0203875948846153,0.1871267043603644,0.6419306912014573,50.79365498033966,2.2261139194173833,0.09970816125984369,0.028236266404295787,0.10859646579326984,0.9152453788342942,0.050330953845731344
74.93599999999999,0.008830957223984942,1.8426171211282774,0.911395697918909,0.020000004229856476,4.950471407214765,0.23654089361369487,0.0,0.857954134056008,0.10940161500798068,1.3365320894446606,1.0203875946640417,0.1871267043267168,0.6424958731002574,50.82117264823413,2.226113919310069,0.09970816126365434,0.028236266392842463,0.10859646595719806,0.9152453788238062,0.05033095381021025
74.96799999999999,0.008830957225687514,1.8426171212028442,0.9113956979208837,0.0200000042438327,4.950471407214765,0.2365408936921418,0.0,0.8579541340699613,0.10940161501649662,1.336532089435988,1.0203875945525738,0.18712670431012712,0.6427784625637432,50.83493211729116,2.2261139192577235,0.09970816127163176,0.028236266387188284,0.10859646603332178,0.9152453788178673,0.05033095390866008
74.984,0.008830957228295017,1.8426171212251312,0.911395697921414,0.020000004249118117,4.950471407214765,0.23654089373115664,0.0,0.8579541340741319,0.10940161502953881,1.3365320894333554,1.0203875944984193,0.18712670430136522,0.6429197581889502,50.84181201071258,2.226113919245443,0.09970816128357637,0.02823626638549646,0.10859646606208383,0.9152453788160645,0.050330957503378786
74.99199999999999,0.008830957519458808,1.8426171212079532,0.9113956979215541,0.02000000400436471,4.950471407214765,0.23654089373084702,0.0,0.8579541340709175,0.10940161648588188,1.3365320894357549,1.0203875945006649,0.18712670430071124,0.6429904086808387,50.84525199714614,2.226113919261462,0.09970816261089652,0.028236266386817453,0.10859646473313303,0.9152453788177076,0.05033023898578354
74.996,0.008830951512093548,1.8426171502504745,0.9113956979215903,0.020000009451979328,4.950471407203009,0.23654089369910639,-1.177280495312516e-11,0.8579541395055587,0.10940158643824231,1.3365320855388154,1.0203875915679335,0.1871267054938225,0.643025732431358,50.846972000344046,2.2261138921010564,0.09970813522561103,0.028236264160779484,0.10859649431271587,0.9152453761491178,0.05034781006164473
74.99799999999999,0.008830958019650743,1.842617100638353,0.9113956979215995,0.0199999992477594,4.950471407214765,0.2365408717601327,0.0,0.8579541302217888,0.1094016189877419,1.3365320921958421,1.0203876259724436,0.18712670884628077,0.6430433943076106,50.84783200436737,2.226113933728616,0.09970816489108593,0.02823626796342915,0.1085964389056176,0.915245380707791,0.050330972743449304
74.999,0.008830955333497205,1.8426171006352945,0.9113956979216018,0.020000001500855277,4.950471407214765,0.23654087174912702,0.0,0.8579541302212164,0.10940160555213911,1.3365320921962542,1.0203876259874676,0.1871267088488529,0.643052225327968,50.848262006985216,2.2261139337290894,0.0997081526459356,0.028236267963663644,0.10859645113952776,0.9152453807080733,0.050336130101146286
75.0,0.008830960000907917,1.8426170489641287,0.9113956979216026,0.02,4.950471407242193,0.23654087175887434,2.7467805807646073e-11,0.8579541205521429,0.10940162889759403,1.336532099129561,1.0203876312677365,0.1871267067375609,0.6430610951173837,50.848692010023164,2.2261139820415647,0.09970817392288288,0.028236271924134474,0.10859644299015063,0.9152453854559406,0.050330960000907914
